Name,Team,PA,IP,Bat_WAR,Pit_WAR,Total_WAR
Aaron Judge,NYY,704,,11.2,,11.2
Bobby Witt Jr.,KCR,709,,10.4,,10.4
Shohei Ohtani,LAD,731,,9.1,,9.1
Juan Soto,NYY,713,,8.1,,8.1
Gunnar Henderson,BAL,719,,8,,8
Francisco Lindor,NYM,689,,7.8,,7.8
Jarren Duran,BOS,735,,6.7,,6.7
José Ramírez,CLE,682,,6.5,,6.5
Elly De La Cruz,CIN,696,,6.4,,6.4
Chris Sale,ATL,,177.2,0,6.4,6.4
Ketel Marte,ARI,583,,6.3,,6.3
Tarik Skubal,DET,,192,0,5.9,5.9
Matt Chapman,SFG,647,,5.4,,5.4
William Contreras,MIL,679,,5.4,,5.4
Zack Wheeler,PHI,,200,0,5.4,5.4
Vladimir Guerrero Jr.,TOR,697,,5.4,,5.4
Cal Raleigh,SEA,628,,5.4,,5.4
Jackson Merrill,SDP,593,,5.3,,5.3
Yordan Alvarez,HOU,635,,5.3,,5.3
Bryce Harper,PHI,631,,5.2,,5.2
Brent Rooker,OAK,614,,5.1,,5.1
Cole Ragans,KCR,,186.1,0,4.9,4.9
Dylan Cease,SDP,,189.1,0,4.8,4.8
Willy Adames,MIL,688,,4.7,,4.7
Seth Lugo,KCR,,206.2,0,4.7,4.7
Cristopher Sánchez,PHI,,181.2,0,4.7,4.7
Marcell Ozuna,ATL,688,,4.7,,4.7
Garrett Crochet,CHW,,146,0,4.7,4.7
Corey Seager,TEX,533,,4.5,,4.5
Logan Webb,SFG,,204.2,0,4.4,4.4
Mookie Betts,LAD,516,,4.4,,4.4
Dansby Swanson,CHC,593,,4.3,,4.3
Patrick Bailey,SFG,448,,4.3,,4.3
Jurickson Profar,SDP,668,,4.3,,4.3
Paul Skenes,PIT,,133,0,4.3,4.3
Carlos Correa,MIN,367,,4.3,,4.3
George Kirby,SEA,,191,0,4.2,4.2
Kyle Tucker,HOU,339,,4.2,,4.2
Marcus Semien,TEX,718,,4.2,,4.2
Steven Kwan,CLE,540,,4.1,,4.1
Rafael Devers,BOS,601,,4.1,,4.1
Alex Bregman,HOU,634,,4.1,,4.1
Logan Gilbert,SEA,,208.2,0,4.1,4.1
Freddie Freeman,LAD,638,,4.1,,4.1
Corbin Carroll,ARI,684,,4,,4
Riley Greene,DET,584,,4,,4
Colton Cowser,BAL,561,,4,,4
Jazz Chisholm Jr.,- - -,621,,4,,4
Jose Altuve,HOU,682,,3.9,,3.9
Nico Hoerner,CHC,641,,3.9,,3.9
Michael King,SDP,,173.2,0,3.9,3.9
Jackson Chourio,MIL,573,,3.9,,3.9
Trea Turner,PHI,539,,3.9,,3.9
Tanner Houck,BOS,,178.2,0,3.9,3.9
Sonny Gray,STL,,166.1,0,3.8,3.8
Julio Rodríguez,SEA,613,,3.8,,3.8
Tyler Glasnow,LAD,,134,0,3.8,3.8
Eugenio Suárez,ARI,640,,3.8,,3.8
Hunter Greene,CIN,,150.1,0,3.8,3.8
Corbin Burnes,BAL,,194.1,0,3.7,3.7
Byron Buxton,MIN,388,,3.7,,3.7
Brenton Doyle,COL,603,,3.7,,3.7
Ezequiel Tovar,COL,695,,3.7,,3.7
Framber Valdez,HOU,,176.1,0,3.6,3.6
Ian Happ,CHC,657,,3.6,,3.6
Masyn Winn,STL,637,,3.6,,3.6
Manny Machado,SDP,643,,3.6,,3.6
Seiya Suzuki,CHC,585,,3.5,,3.5
Yusei Kikuchi,- - -,,175.2,0,3.5,3.5
Reynaldo López,ATL,,135.2,0,3.5,3.5
Oneil Cruz,PIT,599,,3.5,,3.5
Alec Bohm,PHI,606,,3.5,,3.5
Zach Neto,LAA,602,,3.5,,3.5
Teoscar Hernández,LAD,652,,3.5,,3.5
Nick Martinez,CIN,,142.1,0,3.5,3.5
Ranger Suárez,PHI,,150.2,0,3.5,3.5
Austin Wells,NYY,414,,3.4,,3.4
Erick Fedde,- - -,,177.1,0,3.4,3.4
Anthony Volpe,NYY,689,,3.4,,3.4
Kyle Schwarber,PHI,692,,3.4,,3.4
Isaac Paredes,- - -,641,,3.4,,3.4
Max Fried,ATL,,174.1,0,3.4,3.4
Michael Wacha,KCR,,166.2,0,3.3,3.3
Anthony Santander,BAL,665,,3.3,,3.3
Lawrence Butler,OAK,451,,3.3,,3.3
Daulton Varsho,TOR,513,,3.3,,3.3
Tanner Bibee,CLE,,173.2,0,3.3,3.3
Brendan Donovan,STL,652,,3.2,,3.2
MacKenzie Gore,WSN,,166.1,0,3.2,3.2
Fernando Tatis Jr.,SDP,438,,3.2,,3.2
Jack Flaherty,- - -,,162,0,3.2,3.2
Pablo López,MIN,,185.1,0,3.2,3.2
Aaron Nola,PHI,,199.1,0,3.2,3.2
Nestor Cortes,NYY,,174.1,0,3.1,3.1
Joey Ortiz,MIL,511,,3.1,,3.1
Brandon Pfaadt,ARI,,181.2,0,3.1,3.1
Nolan Arenado,STL,635,,3.1,,3.1
Hunter Brown,HOU,,170,0,3.1,3.1
JJ Bleday,OAK,642,,3.1,,3.1
Salvador Perez,KCR,652,,3.1,,3.1
Joe Ryan,MIN,,135,0,3.1,3.1
Victor Robles,- - -,295,,3.1,,3.1
Willi Castro,MIN,635,1.1,3.1,0,3.1
Blake Snell,SFG,,104,0,3.1,3.1
Luis García Jr.,WSN,528,,3.1,,3.1
Wilyer Abreu,BOS,447,,3.1,,3.1
Yainer Diaz,HOU,619,,3.1,,3.1
Shota Imanaga,CHC,,173.1,0,3,3
Jake McCarthy,ARI,495,,3,,3
Carlos Santana,MIN,594,,3,,3
Christian Yelich,MIL,315,,3,,3
Christian Walker,ARI,552,,3,,3
Tyler Fitzgerald,SFG,341,3,3,0,3
Tyler Stephenson,CIN,515,,3,,3
Justin Steele,CHC,,134.2,0,3,3
Joc Pederson,ARI,449,,3,,3
Wyatt Langford,TEX,557,,2.9,,2.9
Bailey Ober,MIN,,178.2,0,2.9,2.9
Mark Vientos,NYM,454,,2.9,,2.9
Kevin Gausman,TOR,,181,0,2.9,2.9
Adley Rutschman,BAL,638,,2.8,,2.8
Zac Gallen,ARI,,148,0,2.8,2.8
Miguel Rojas,LAD,337,1,2.8,0,2.8
Yoshinobu Yamamoto,LAD,,90,0,2.8,2.8
Nathaniel Lowe,TEX,565,,2.8,,2.8
Josh Smith,TEX,592,,2.8,,2.8
Jonathan India,CIN,637,,2.8,,2.8
Alejandro Kirk,TOR,386,,2.8,,2.8
Bryce Miller,SEA,,180.1,0,2.8,2.8
Jeremy Peña,HOU,650,,2.8,,2.8
Sean Manaea,NYM,,181.2,0,2.8,2.8
Zach Eflin,- - -,,165.1,0,2.8,2.8
Andrés Giménez,CLE,633,,2.8,,2.8
Jordan Westburg,BAL,447,,2.8,,2.8
Brandon Nimmo,NYM,663,,2.7,,2.7
Taylor Ward,LAA,663,,2.7,,2.7
Pete Crow-Armstrong,CHC,410,,2.7,,2.7
Will Smith,LAD,544,,2.7,,2.7
Cade Smith,CLE,,75.1,0,2.7,2.7
Nathan Eovaldi,TEX,,170.2,0,2.7,2.7
Willson Contreras,STL,358,,2.6,,2.6
Ha-Seong Kim,SDP,470,,2.6,,2.6
Spencer Schwellenbach,ATL,,123.2,0,2.6,2.6
Jacob Young,WSN,521,,2.6,,2.6
Griffin Jax,MIN,,71,0,2.6,2.6
Matt Olson,ATL,685,,2.6,,2.6
Matt Vierling,DET,567,,2.6,,2.6
Jose Iglesias,NYM,291,,2.5,,2.5
Gabriel Moreno,ARI,351,,2.5,,2.5
Tyler O'Neill,BOS,473,,2.5,,2.5
Otto Lopez,MIA,434,,2.5,,2.5
Brice Turang,MIL,619,,2.5,,2.5
Brady Singer,KCR,,179.2,0,2.5,2.5
Mitchell Parker,WSN,,151,0,2.4,2.4
Reese Olson,DET,,112.1,0,2.4,2.4
Ryan Feltner,COL,,162.1,0,2.4,2.4
Dylan Moore,SEA,441,,2.4,,2.4
Austin Riley,ATL,469,,2.4,,2.4
Brandon Marsh,PHI,476,,2.4,,2.4
Kerry Carpenter,DET,296,,2.4,,2.4
Max Muncy,LAD,293,,2.4,,2.4
Mason Miller,OAK,,65,0,2.3,2.3
Luis Castillo,SEA,1,175.1,0,2.3,2.3
Freddy Peralta,MIL,,173.2,0,2.3,2.3
Cedric Mullins,BAL,499,,2.3,,2.3
Jameson Taillon,CHC,,165.1,0,2.3,2.3
Ryan Helsley,STL,,66.1,0,2.3,2.3
Luke Raley,SEA,455,,2.3,,2.3
Bryan Woo,SEA,,121.1,0,2.3,2.3
Michael Busch,CHC,567,,2.3,,2.3
Zack Littell,TBR,,156.1,0,2.3,2.3
Josh Naylor,CLE,633,,2.3,,2.3
Heliot Ramos,SFG,518,,2.3,,2.3
Emmanuel Clase,CLE,,74.1,0,2.3,2.3
Brandon Lowe,TBR,425,,2.2,,2.2
Andrew Heaney,TEX,,160,0,2.2,2.2
Jake Rogers,DET,337,,2.2,,2.2
Mitch Keller,PIT,,178,0,2.2,2.2
Cody Bellinger,CHC,569,,2.2,,2.2
Chris Bassitt,TOR,,171,0,2.2,2.2
Xavier Edwards,MIA,303,,2.2,,2.2
Tobias Myers,MIL,,138,0,2.2,2.2
Ryne Nelson,ARI,,150.2,0,2.2,2.2
Luis Gil,NYY,,151.2,0,2.2,2.2
Ernie Clement,TOR,452,1,2.2,0,2.2
Lourdes Gurriel Jr.,ARI,553,,2.2,,2.2
Parker Meadows,DET,298,,2.1,,2.1
Ronel Blanco,HOU,,167.1,0,2.1,2.1
Bryan Reynolds,PIT,692,,2.1,,2.1
Logan O'Hoppe,LAA,522,,2.1,,2.1
Iván Herrera,STL,259,,2.1,,2.1
Luis Severino,NYM,,182,0,2.1,2.1
Matt Wallner,MIN,261,1.1,2.1,0,2.1
Pete Alonso,NYM,695,,2.1,,2.1
Jake Cronenworth,SDP,656,,2.1,,2.1
Nick Lodolo,CIN,,115.1,0,2.1,2.1
Matt Strahm,PHI,,62.2,0,2.1,2.1
Jeff Hoffman,PHI,,66.1,0,2.1,2.1
Gavin Stone,LAD,,140.1,0,2,2
J.T. Realmuto,PHI,413,,2,,2
Isiah Kiner-Falefa,- - -,496,2,2.1,0,2
Nick Pivetta,BOS,,145.2,0,2,2
Jake Meyers,HOU,513,,2,,2
Xander Bogaerts,SDP,463,,2,,2
Brayan Bello,BOS,,162.1,0,2,2
Michael Harris II,ATL,470,,2,,2
Shea Langeliers,OAK,534,,2,,2
Geraldo Perdomo,ARI,388,,2,,2
Trevor Williams,WSN,,66.2,0,2,2
Miles Mikolas,STL,,171.2,0,2,2
Grayson Rodriguez,BAL,,116.2,0,2,2
Yasmani Grandal,PIT,243,,2,,2
Yandy Díaz,TBR,621,,1.9,,1.9
Francisco Alvarez,NYM,342,,1.9,,1.9
Kirby Yates,TEX,,61.2,0,1.9,1.9
José Caballero,TBR,483,,1.9,,1.9
Randy Arozarena,- - -,648,,1.9,,1.9
Ryan McMahon,COL,645,,1.9,,1.9
Victor Caratini,HOU,274,,1.9,,1.9
Edmundo Sosa,PHI,274,,1.9,,1.9
Spencer Horwitz,TOR,381,,1.9,,1.9
Ryan Pepiot,TBR,,130,0,1.9,1.9
Freddy Fermin,KCR,368,,1.9,,1.9
David Robertson,TEX,,72,0,1.9,1.9
CJ Abrams,WSN,602,,1.9,,1.9
David Peterson,NYM,,121,0,1.9,1.9
Jose Siri,TBR,448,,1.9,,1.9
Bryson Stott,PHI,571,,1.9,,1.9
Kutter Crawford,BOS,,183.2,0,1.9,1.9
Jon Gray,TEX,,102.2,0,1.8,1.8
Travis d'Arnaud,ATL,341,,1.8,,1.8
Garrett Mitchell,MIL,224,,1.8,,1.8
Joe Jiménez,ATL,,68.2,0,1.8,1.8
Jake Irvin,WSN,,187.2,0,1.8,1.8
Simeon Woods Richardson,MIN,,133.2,0,1.8,1.8
Gerrit Cole,NYY,,95,0,1.8,1.8
Colt Keith,DET,556,,1.8,,1.8
Andre Pallante,STL,,121.1,0,1.8,1.8
Josh Rojas,SEA,476,2,1.9,-0.1,1.8
Carson Kelly,- - -,313,,1.8,,1.8
Jared Jones,PIT,,121.2,0,1.8,1.8
Matt Waldron,SDP,,146.2,0,1.8,1.8
Patrick Corbin,WSN,,174.2,0,1.7,1.7
José Soriano,LAA,,113,0,1.7,1.7
Paul DeJong,- - -,482,,1.7,,1.7
Gleyber Torres,NYY,665,,1.7,,1.7
David Fry,CLE,392,,1.7,,1.7
Bailey Falter,PIT,,142.1,0,1.7,1.7
A.J. Puk,- - -,,71.1,0,1.7,1.7
Lars Nootbaar,STL,405,,1.7,,1.7
Clarke Schmidt,NYY,,85.1,0,1.7,1.7
Carlos Rodón,NYY,,175,0,1.7,1.7
Ryan Walker,SFG,,80,0,1.7,1.7
Ryan O'Hearn,BAL,494,,1.7,,1.7
Lucas Erceg,- - -,,61.2,0,1.7,1.7
DJ Herz,WSN,,88.2,0,1.7,1.7
Edwin Uceta,TBR,,41.2,0,1.7,1.7
Ryan Jeffers,MIN,465,,1.7,,1.7
David Hamilton,BOS,317,,1.7,,1.7
Tanner Scott,- - -,,72,0,1.6,1.6
Jeremiah Estrada,SDP,,61,0,1.6,1.6
Hunter Gaddis,CLE,,74.2,0,1.6,1.6
Jose Trevino,NYY,234,2,1.6,0,1.6
Tyler Anderson,LAA,,179.1,0,1.6,1.6
Spencer Arrighetti,HOU,,145,0,1.6,1.6
J.P. Crawford,SEA,451,,1.6,,1.6
Bo Naylor,CLE,389,,1.6,,1.6
Raisel Iglesias,ATL,,69.1,0,1.6,1.6
Blake Perkins,MIL,434,,1.6,,1.6
Cody Bradford,TEX,,76.1,0,1.6,1.6
Kyle Higashioka,SDP,263,,1.6,,1.6
Sal Frelick,MIL,524,,1.5,,1.5
Randal Grichuk,ARI,279,,1.5,,1.5
Robert Garcia,WSN,,59.2,0,1.5,1.5
Gavin Lux,LAD,487,,1.5,,1.5
Cole Sands,MIN,,71.1,0,1.5,1.5
Taj Bradley,TBR,,138,0,1.5,1.5
Mike Yastrzemski,SFG,474,1,1.5,0,1.5
Michael Massey,KCR,356,,1.5,,1.5
Ryan Mountcastle,BAL,507,,1.5,,1.5
Orion Kerkering,PHI,,63,0,1.5,1.5
Trevor Larnach,MIN,400,,1.5,,1.5
Vinnie Pasquantino,KCR,554,,1.5,,1.5
Justin Slaten,BOS,,55.1,0,1.5,1.5
Kyle Gibson,STL,,169.2,0,1.5,1.5
Kyle Isbel,KCR,426,,1.4,,1.4
Luis Rengifo,LAA,304,,1.4,,1.4
Zack Gelof,OAK,547,,1.4,,1.4
Tyler Holton,DET,,94.1,0,1.4,1.4
Kenley Jansen,BOS,,54.2,0,1.4,1.4
Albert Suárez,BAL,,133.2,0,1.4,1.4
Keegan Akin,BAL,,78.2,0,1.4,1.4
Justin Martinez,ARI,,72.2,0,1.4,1.4
Kevin Newman,ARI,311,,1.4,,1.4
Tylor Megill,NYM,,78,0,1.4,1.4
Joe Musgrove,SDP,,99.2,0,1.4,1.4
Alec Marsh,KCR,,129,0,1.4,1.4
Jesús Sánchez,MIA,537,,1.4,,1.4
Frankie Montas,- - -,,150.2,0,1.4,1.4
Dean Kremer,BAL,,129.2,0,1.4,1.4
Kyle Bradish,BAL,,39.1,0,1.4,1.4
Osvaldo Bido,OAK,,63.1,0,1.4,1.4
Jake Burger,MIA,579,,1.4,,1.4
Richie Palacios,TBR,316,,1.3,,1.3
Chris Flexen,CHW,,160,0,1.3,1.3
Calvin Faucher,MIA,,53.2,0,1.3,1.3
Lane Thomas,- - -,528,,1.3,,1.3
Max Schuemann,OAK,459,,1.3,,1.3
Lance Lynn,STL,,117.1,0,1.3,1.3
Spencer Steer,CIN,656,,1.3,,1.3
Andy Pages,LAD,443,,1.3,,1.3
Harrison Bader,NYM,437,,1.3,,1.3
Ben Rortvedt,TBR,328,2,1.4,-0.1,1.3
Joey Bart,PIT,282,,1.3,,1.3
Nick Gonzales,PIT,387,,1.3,,1.3
Declan Cronin,MIA,,70.1,0,1.3,1.3
LaMonte Wade Jr.,SFG,401,,1.3,,1.3
Jason Adam,- - -,,73.2,0,1.3,1.3
Jeff McNeil,NYM,472,,1.3,,1.3
Ben Brown,CHC,,55.1,0,1.3,1.3
Casey Mize,DET,,102.1,0,1.3,1.3
Kevin Ginkel,ARI,,70,0,1.3,1.3
Michael Conforto,SFG,488,,1.3,,1.3
Ozzie Albies,ATL,435,,1.3,,1.3
Gavin Williams,CLE,,76,0,1.3,1.3
Jesse Winker,- - -,508,,1.3,,1.3
Mitch Spence,OAK,,151.1,0,1.2,1.2
Patrick Sandoval,LAA,,79.2,0,1.2,1.2
Tyrone Taylor,NYM,345,,1.2,,1.2
James Wood,WSN,336,,1.2,,1.2
Fernando Cruz,CIN,,66.2,0,1.2,1.2
Austin Gomber,COL,,165,0,1.2,1.2
Rob Refsnyder,BOS,307,,1.2,,1.2
Clay Holmes,NYY,,63,0,1.2,1.2
Joe Mantiply,ARI,,59.2,0,1.2,1.2
Jhoan Duran,MIN,,54.1,0,1.2,1.2
Royce Lewis,MIN,325,,1.2,,1.2
George Springer,TOR,614,,1.2,,1.2
Justin Turner,- - -,539,,1.2,,1.2
Grant Holmes,ATL,,68.1,0,1.2,1.2
JP Sears,OAK,,180.2,0,1.2,1.2
Dennis Santana,- - -,,71.2,0,1.2,1.2
Alex Call,WSN,113,,1.2,,1.2
Carlos Estévez,- - -,,55,0,1.2,1.2
Johan Rojas,PHI,363,,1.2,,1.2
Mauricio Dubón,HOU,428,,1.2,,1.2
Maikel Garcia,KCR,626,,1.1,,1.1
Tanner Banks,- - -,,72.1,0,1.1,1.1
Mark Leiter Jr.,- - -,,58,0,1.1,1.1
Derek Law,WSN,,90,0,1.1,1.1
Adrian Morejon,SDP,,63.2,0,1.1,1.1
Cooper Criswell,BOS,,99.1,0,1.1,1.1
Will Vest,DET,,70.1,0,1.1,1.1
Jose Miranda,MIN,429,,1.1,,1.1
Aroldis Chapman,PIT,,61.2,0,1.1,1.1
Leody Taveras,TEX,529,,1.1,,1.1
Paul Goldschmidt,STL,654,,1.1,,1.1
Andrew Abbott,CIN,,138,0,1.1,1.1
Ross Stripling,OAK,,85.1,0,1.1,1.1
John Schreiber,KCR,,51.2,0,1.1,1.1
Luis Arraez,- - -,672,,1.1,,1.1
Charlie Morton,ATL,,165.1,0,1.1,1.1
Aaron Bummer,ATL,,55.1,0,1.1,1.1
Jonathan Cannon,CHW,,124.1,0,1.1,1.1
Brayan Rocchio,CLE,442,,1.1,,1.1
Edwin Díaz,NYM,,53.2,0,1.1,1.1
Alex Vesia,LAD,,66.1,0,1.1,1.1
Shane Baz,TBR,,79.1,0,1.1,1.1
Yu Darvish,SDP,,81.2,0,1.1,1.1
Ryan Weathers,MIA,,86.2,0,1.1,1.1
Michael Siani,STL,334,,1.1,,1.1
Connor Wong,BOS,487,,1.1,,1.1
Jorge Soler,- - -,574,,1.1,,1.1
Wenceel Pérez,DET,425,,1.1,,1.1
David Festa,MIN,,64.1,0,1.1,1.1
Mike Tauchman,CHC,350,,1,,1
Jose Quintana,NYM,,170.1,0,1,1
Chris Paddack,MIN,,88.1,0,1,1
Ronald Acuña Jr.,ATL,222,,1,,1
Jonah Bride,MIA,272,,1,,1
Luke Weaver,NYY,,84,0,1,1
Yariel Rodríguez,TOR,,86.2,0,1,1
Trevor Megill,MIL,,46.1,0,1,1
Zach McKinstry,DET,325,2,1.1,-0.1,1
Mark Canha,- - -,462,,1,,1
Marcus Stroman,NYY,,154.2,0,1,1
Javier Assad,CHC,,147,0,1,1
Blake Treinen,LAD,,46.2,0,1,1
Mike Trout,LAA,126,,1,,1
Josh Lowe,TBR,387,,1,,1
Drew Rasmussen,TBR,,28.2,0,1,1
José Berríos,TOR,,192.1,0,1,1
Luis L. Ortiz,PIT,,135.2,0,1,1
Tim Herrin,CLE,,65.2,0,1,1
José Buttó,NYM,,74,0,1,1
Max Kepler,MIN,399,,1,,1
Bowden Francis,TOR,,103.2,0,1,1
Jacob Stallings,COL,281,,0.9,,0.9
Jared Koenig,MIL,,62,0,0.9,0.9
Dedniel Núñez,NYM,,35,0,0.9,0.9
Josh Hader,HOU,,71,0,0.9,0.9
Ramón Urías,BAL,301,,0.9,,0.9
Jonny DeLuca,TBR,362,,0.9,,0.9
Kris Bubic,KCR,,30.1,0,0.9,0.9
Aaron Civale,- - -,,161,0,0.9,0.9
Trevor Rogers,- - -,,124.1,0,0.9,0.9
Hoby Milner,MIL,,64.2,0,0.9,0.9
Ramón Laureano,- - -,309,,0.9,,0.9
Joe Ross,MIL,,74,0,0.9,0.9
Kyle Freeland,COL,,113.1,0,0.9,0.9
Chris Martin,BOS,,44.1,0,0.9,0.9
Reed Garrett,NYM,,57.1,0,0.9,0.9
Robert Suarez,SDP,,65,0,0.9,0.9
Ryan Thompson,ARI,,66.1,0,0.9,0.9
Porter Hodge,CHC,,43,0,0.9,0.9
Matthew Boyd,CLE,,39.2,0,0.9,0.9
Anthony Bender,MIA,,53,0,0.9,0.9
Rhett Lowder,CIN,,30.2,0,0.9,0.9
Jake Fraley,CIN,382,,0.9,,0.9
Nicky Lopez,CHW,445,,0.9,,0.9
Jakob Junis,- - -,,67,0,0.9,0.9
Pavin Smith,ARI,158,1,0.9,0,0.9
Evan Phillips,LAD,,54.2,0,0.9,0.9
Ceddanne Rafaela,BOS,571,,0.9,,0.9
Bryan Abreu,HOU,,78.1,0,0.9,0.9
Colin Rea,MIL,,167.2,0,0.9,0.9
Tommy Edman,LAD,153,,0.9,,0.9
Oswaldo Cabrera,NYY,326,0.1,0.9,0,0.9
Ryan Pressly,HOU,,56.2,0,0.8,0.8
Devin Williams,MIL,,21.2,0,0.8,0.8
José Leclerc,TEX,,66.2,0,0.8,0.8
Jason Heyward,- - -,258,,0.8,,0.8
Sean Murphy,ATL,264,,0.8,,0.8
Luis Torrens,NYM,130,0.1,0.8,0,0.8
Christian Vázquez,MIN,315,,0.8,,0.8
Kyle Harrison,SFG,,124.1,0,0.8,0.8
Masataka Yoshida,BOS,421,,0.8,,0.8
Donovan Solano,SDP,309,,0.8,,0.8
Ben Lively,CLE,,151,0,0.8,0.8
Dylan Lee,ATL,,59.2,0,0.8,0.8
Jorge Mateo,BAL,208,,0.8,,0.8
Nick Mears,- - -,,57.2,0,0.8,0.8
Giancarlo Stanton,NYY,459,,0.8,,0.8
Orlando Arcia,ATL,602,,0.8,,0.8
Tony Santillan,CIN,,30,0,0.8,0.8
Brendan Rodgers,COL,539,,0.8,,0.8
Andy Ibáñez,DET,244,,0.8,,0.8
Shane Bieber,CLE,,12,0,0.8,0.8
Kevin Kelly,TBR,,70.2,0,0.8,0.8
Ryan Fernandez,STL,,66.2,0,0.8,0.8
Randy Vásquez,SDP,,98,0,0.8,0.8
Bryan Hudson,MIL,,62.1,0,0.7,0.7
Enrique Hernández,LAD,393,4.1,0.7,0,0.7
Adrian Del Castillo,ARI,87,,0.7,,0.7
Abraham Toro,OAK,364,,0.7,,0.7
Brant Hurter,DET,,45.1,0,0.7,0.7
Michael Lorenzen,- - -,,130.1,0,0.7,0.7
Joey Estes,OAK,,127.2,0,0.7,0.7
Beau Brieske,DET,,67.2,0,0.7,0.7
James Paxton,- - -,,100.1,0,0.7,0.7
Andrew Nardi,MIA,,49.2,0,0.7,0.7
Gio Urshela,- - -,461,,0.7,,0.7
Luisangel Acuña,NYM,40,,0.7,,0.7
Reid Detmers,LAA,,87.1,0,0.7,0.7
Dane Myers,MIA,108,,0.7,,0.7
Jesús Luzardo,MIA,,66.2,0,0.7,0.7
Cionel Pérez,BAL,,53.2,0,0.7,0.7
Hunter Harvey,- - -,,50.2,0,0.7,0.7
Jesus Tinoco,- - -,,40.2,0,0.7,0.7
Nathan Lukes,TOR,91,,0.7,,0.7
Michel Otañez,OAK,,34,0,0.7,0.7
Shawn Armstrong,- - -,,66.2,0,0.7,0.7
Robert Gasser,MIL,,28,0,0.7,0.7
Rece Hinds,CIN,51,,0.7,,0.7
Nolan Schanuel,LAA,607,,0.7,,0.7
Tyler Ferguson,OAK,,51.1,0,0.7,0.7
Miguel Amaya,CHC,363,,0.7,,0.7
Spencer Turnbull,PHI,,54.1,0,0.7,0.7
Hunter Stratton,PIT,,37.2,0,0.7,0.7
Sam Hilliard,COL,158,,0.7,,0.7
Andrés Muñoz,SEA,,59.1,0,0.7,0.7
Justin Verlander,HOU,,90.1,0,0.7,0.7
Ian Hamilton,NYY,,37.2,0,0.7,0.7
Merrill Kelly,ARI,,73.2,0,0.7,0.7
Ben Joyce,LAA,,34.2,0,0.6,0.6
Huascar Brazobán,- - -,,51.2,0,0.6,0.6
Junior Caminero,TBR,177,,0.6,,0.6
Michael Tonkin,- - -,,79.1,0,0.6,0.6
Jose A. Ferrer,WSN,,32,0,0.6,0.6
Jacob Webb,BAL,,56.2,0,0.6,0.6
Clayton Kershaw,LAD,,30,0,0.6,0.6
Trevor Story,BOS,106,,0.6,,0.6
Davis Martin,CHW,,50,0,0.6,0.6
Michael McGreevy,STL,,23,0,0.6,0.6
Max Scherzer,TEX,,43.1,0,0.6,0.6
Starling Marte,NYM,370,,0.6,,0.6
Jalen Beeks,- - -,,70,0,0.6,0.6
José Alvarado,PHI,,61.2,0,0.6,0.6
Carmen Mlodzinski,PIT,,50.2,0,0.6,0.6
Jordan Montgomery,ARI,,117,0,0.6,0.6
J.D. Martinez,NYM,495,,0.6,,0.6
Jack Kochanowicz,LAA,,65.1,0,0.6,0.6
Aaron Ashby,MIL,,28.1,0,0.6,0.6
Jhonkensy Noel,CLE,198,,0.6,,0.6
Alec Burleson,STL,595,,0.6,,0.6
Dylan Floro,- - -,,68.2,0,0.6,0.6
Triston Casas,BOS,243,,0.6,,0.6
Will Wagner,TOR,86,,0.6,,0.6
Leo Jiménez,TOR,210,,0.6,,0.6
Alex Verdugo,NYY,621,,0.6,,0.6
Rafael Marchán,PHI,56,,0.6,,0.6
Braxton Garrett,MIA,,37,0,0.6,0.6
Pete Fairbanks,TBR,,45.1,0,0.6,0.6
Trent Thornton,SEA,,72.1,0,0.6,0.6
Bryan Hoeing,- - -,,53.2,0,0.6,0.6
Graham Ashcraft,CIN,,77.1,0,0.6,0.6
Tyler Rogers,SFG,,70.1,0,0.6,0.6
Buck Farmer,CIN,,71,0,0.6,0.6
Yennier Cano,BAL,,60,0,0.6,0.6
Edward Cabrera,MIA,,96.1,0,0.6,0.6
Kyle Farmer,MIN,242,4,0.5,0,0.6
Joel Payamps,MIL,,59,0,0.6,0.6
Nick Fortes,MIA,335,,0.6,,0.6
Kevin Pillar,- - -,314,,0.5,,0.5
Danny Jansen,- - -,328,,0.5,,0.5
Anthony Banda,LAD,,49.2,0,0.5,0.5
Austin Barnes,LAD,156,,0.5,,0.5
Greg Weissert,BOS,,63.1,0,0.5,0.5
Landen Roupp,SFG,,50.1,0,0.5,0.5
Randy Rodríguez,SFG,,52.1,0,0.5,0.5
Brett Wisely,SFG,272,,0.5,,0.5
Tyson Miller,- - -,,62,0,0.5,0.5
Martín Pérez,- - -,,135,0,0.5,0.5
Danny Coulombe,BAL,,29.2,0,0.5,0.5
Luis Robert Jr.,CHW,425,,0.5,,0.5
Elias Díaz,- - -,351,,0.5,,0.5
Dylan Crews,WSN,132,,0.5,,0.5
Jarred Kelenic,ATL,449,,0.5,,0.5
Hogan Harris,OAK,,72.1,0,0.5,0.5
Daysbel Hernández,ATL,,18,0,0.5,0.5
Brenan Hanifee,DET,,29.1,0,0.5,0.5
Emilio Pagán,CIN,,38,0,0.5,0.5
Tim Hill,- - -,,67,0,0.5,0.5
Cal Quantrill,COL,,148.1,0,0.5,0.5
Nick Ahmed,- - -,228,,0.5,,0.5
Connor Joe,PIT,416,,0.5,,0.5
Dairon Blanco,KCR,132,,0.5,,0.5
Garrett Hampson,KCR,231,1,0.5,0,0.5
Andrew McCutchen,PIT,515,,0.5,,0.5
Landon Knack,LAD,,69,0,0.5,0.5
Collin Snider,SEA,,41.2,0,0.5,0.5
Pedro Pagés,STL,218,,0.5,,0.5
Trent Grisham,NYY,209,,0.5,,0.5
Brett Baty,NYM,171,,0.5,,0.5
Jordan Hicks,SFG,,109.2,0,0.5,0.5
John Means,BAL,,20.2,0,0.5,0.5
Will Brennan,CLE,353,,0.5,,0.5
Richard Fitts,BOS,,20.2,0,0.5,0.5
Davis Daniel,LAA,,30.1,0,0.5,0.5
Adam Ottavino,NYM,,56,0,0.5,0.5
Cade Povich,BAL,,79.2,0,0.5,0.5
Gregory Soto,- - -,,53,0,0.5,0.5
Pierce Johnson,ATL,,56.1,0,0.5,0.5
Sam Moll,CIN,,37.2,0,0.5,0.5
Paul Blackburn,- - -,,75.1,0,0.4,0.4
Miguel Andujar,OAK,319,,0.4,,0.4
Ryan Burr,TOR,,32.2,0,0.4,0.4
Whit Merrifield,- - -,335,,0.4,,0.4
Christian Scott,NYM,,47.1,0,0.4,0.4
Joey Cantillo,CLE,,38.2,0,0.4,0.4
Trey Sweeney,DET,119,,0.4,,0.4
Ryan Bliss,SEA,71,,0.4,,0.4
David Peralta,SDP,260,,0.4,,0.4
Michael A. Taylor,PIT,300,,0.4,,0.4
Eguy Rosario,SDP,57,,0.4,,0.4
Andrew Chafin,- - -,,56.1,0,0.4,0.4
Erik Miller,SFG,,67.1,0,0.4,0.4
César Salazar,HOU,32,,0.4,,0.4
Gus Varland,- - -,,26.1,0,0.4,0.4
J.T. Ginn,OAK,,34,0,0.4,0.4
Sean Burke,CHW,,19,0,0.4,0.4
Garrett Whitlock,BOS,,18.1,0,0.4,0.4
Michael Toglia,COL,458,,0.4,,0.4
Austin Hedges,CLE,146,2,0.4,0,0.4
Griffin Conine,MIA,89,,0.4,,0.4
Bryan King,HOU,,26.1,0,0.4,0.4
Luis Medina,OAK,,40,0,0.4,0.4
Michael Kopech,- - -,,67.2,0,0.4,0.4
Jonathan Aranda,TBR,143,,0.4,,0.4
Juan Yepez,WSN,249,,0.4,,0.4
Sean Reid-Foley,NYM,,21.2,0,0.4,0.4
River Ryan,LAD,,20.1,0,0.4,0.4
Jeffrey Springs,TBR,,33,0,0.4,0.4
Jacob deGrom,TEX,,10.2,0,0.4,0.4
Brock Burke,- - -,,34,0,0.4,0.4
Erik Sabrowski,CLE,,12.2,0,0.4,0.4
Matt Festa,- - -,,23.2,0,0.4,0.4
Casey Schmitt,SFG,113,,0.4,,0.4
Yimi García,- - -,,39,0,0.4,0.4
Ryan Zeferjahn,LAA,,17,0,0.4,0.4
Sean Guenther,DET,,21,0,0.4,0.4
Emmanuel Rivera,- - -,302,4,0.4,0,0.4
Jared Triolo,PIT,446,,0.4,,0.4
Michael Soroka,CHW,,79.2,0,0.4,0.4
Steward Berroa,TOR,45,,0.4,,0.4
Thairo Estrada,SFG,381,,0.4,,0.4
Josh Sborz,TEX,,16.1,0,0.4,0.4
Matthew Liberatore,STL,,86,0,0.4,0.4
Ryan Brasier,LAD,,28,0,0.4,0.4
Kyle Hendricks,CHC,,130.2,0,0.4,0.4
Austin Wynns,CIN,20,,0.4,,0.4
Michael Grove,LAD,,51,0,0.4,0.4
Nasim Nuñez,WSN,78,,0.4,,0.4
Weston Wilson,PHI,98,1,0.4,0,0.4
Davis Schneider,TOR,454,,0.4,,0.4
Paul Sewald,ARI,,39.2,0,0.4,0.4
Nick Castellanos,PHI,659,,0.4,,0.4
Kyle Leahy,STL,,48.2,0,0.4,0.4
Brady Basso,OAK,,22.1,0,0.3,0.3
Gary Sánchez,MIL,280,,0.3,,0.3
Yuki Matsui,SDP,,62.2,0,0.3,0.3
Burch Smith,- - -,,56.1,0,0.3,0.3
T.J. McFarland,OAK,,56.2,0,0.3,0.3
Bligh Madris,DET,75,,0.3,,0.3
Victor Vodnik,COL,,73.2,0,0.3,0.3
Tyler Freeman,CLE,383,,0.3,,0.3
Kevin Kiermaier,- - -,281,,0.3,,0.3
Mason Montgomery,TBR,,9.2,0,0.3,0.3
Eli Morgan,CLE,,42,0,0.3,0.3
Luis Guerrero,BOS,,10,0,0.3,0.3
Andrew Kittredge,STL,,70.2,0,0.3,0.3
Heston Kjerstad,BAL,114,,0.3,,0.3
Nick Sogard,BOS,86,,0.3,,0.3
Bo Bichette,TOR,336,,0.3,,0.3
Josh Jung,TEX,188,,0.3,,0.3
Billy Cook,PIT,49,,0.3,,0.3
Shawn Dubin,HOU,,45.1,0,0.3,0.3
Joe Boyle,OAK,,47.2,0,0.3,0.3
Tyler Soderstrom,OAK,213,,0.3,,0.3
Jorge Alcala,MIN,,58.1,0,0.3,0.3
Brooks Raley,NYM,,7,0,0.3,0.3
Jhony Brito,SDP,,43.2,0,0.3,0.3
Luis García,- - -,,59,0,0.3,0.3
Sean Hjelle,SFG,,80.2,0,0.3,0.3
Cole Irvin,- - -,,111,0,0.3,0.3
Daniel Schneemann,CLE,221,,0.3,,0.3
Eduardo Rodriguez,ARI,,50,0,0.3,0.3
Eduard Bazardo,SEA,,27.2,0,0.3,0.3
Cam Booser,BOS,,42.2,0,0.3,0.3
Colten Brewer,CHC,,20.2,0,0.3,0.3
Luis Peralta,COL,,12.1,0,0.3,0.3
Caleb Ferguson,- - -,,54.1,0,0.3,0.3
Chad Kuhl,CHW,,53.1,0,0.3,0.3
Nolan Gorman,STL,402,,0.3,,0.3
David Bote,CHC,48,1,0.3,0,0.3
Hunter Bigge,- - -,,17.1,0,0.3,0.3
Chadwick Tromp,ATL,54,,0.3,,0.3
Yoán Moncada,CHW,45,,0.3,,0.3
Alex Cobb,CLE,,16.1,0,0.3,0.3
Jorge Polanco,SEA,469,,0.3,,0.3
Stephen Kolek,SDP,,46.2,0,0.3,0.3
Amed Rosario,- - -,346,,0.3,,0.3
Stone Garrett,WSN,6,,0.3,,0.3
John King,STL,,60,0,0.3,0.3
Eli White,ATL,42,,0.3,,0.3
Austin Shenton,TBR,50,,0.3,,0.3
Carson Fulmer,LAA,,86.2,0,0.3,0.3
Sam Hentges,CLE,,23.2,0,0.3,0.3
Alexis Díaz,CIN,,56.1,0,0.3,0.3
Cristian Javier,HOU,,34.2,0,0.3,0.3
Hunter Strickland,LAA,,73.1,0,0.3,0.3
Drew Millas,WSN,62,,0.3,,0.3
Zach Remillard,CHW,39,,0.3,,0.3
Jon Berti,NYY,74,,0.3,,0.3
Enoli Paredes,- - -,,21.2,0,0.3,0.3
Ben Casparius,LAD,,8.1,0,0.3,0.3
Sean Reynolds,SDP,,11,0,0.2,0.2
Alek Jacob,SDP,,14.2,0,0.2,0.2
Bryce Elder,ATL,,49.2,0,0.2,0.2
Jason Foley,DET,,60,0,0.2,0.2
Josh Winckowski,BOS,,76,0,0.2,0.2
Hans Crouse,LAA,,25.1,0,0.2,0.2
Eric Haase,MIL,69,,0.2,,0.2
Cody Poteet,NYY,,24.1,0,0.2,0.2
Matt Manning,DET,,27.2,0,0.2,0.2
Marco Gonzales,PIT,,33.2,0,0.2,0.2
Justin Anderson,CHW,,53.1,0,0.2,0.2
Blake Sabol,SFG,38,,0.2,,0.2
Drew Smith,NYM,,17.2,0,0.2,0.2
Manuel Rodríguez,TBR,,37.2,0,0.2,0.2
Alexander Canario,CHC,28,,0.2,,0.2
Rob Zastryzny,MIL,,7.2,0,0.2,0.2
Christian Bethancourt,- - -,147,,0.2,,0.2
Josh Staumont,MIN,,24.1,0,0.2,0.2
Tayler Saucedo,SEA,,38.2,0,0.2,0.2
Carlos Hernández,KCR,,30,0,0.2,0.2
Dillon Tate,- - -,,36.2,0,0.2,0.2
Stuart Fairchild,CIN,233,,0.2,,0.2
Anthony Molina,COL,,59.2,0,0.2,0.2
Daniel Hudson,LAD,,63,0,0.2,0.2
Yency Almonte,CHC,,15.2,0,0.2,0.2
Pedro Avila,- - -,,82.2,0,0.2,0.2
Anthony Maldonado,MIA,,19,0,0.2,0.2
Griffin Canning,LAA,,171.2,0,0.2,0.2
Ty Madden,DET,,23,0,0.2,0.2
Austin Hays,- - -,255,,0.2,,0.2
Brent Suter,CIN,,65.2,0,0.2,0.2
Garrett Stubbs,PHI,187,4,0.4,-0.1,0.2
Angel Zerpa,KCR,,53.2,0,0.2,0.2
Brennan Bernardino,BOS,,51,0,0.2,0.2
Buddy Kennedy,- - -,26,,0.2,,0.2
Josh Winder,MIN,,9,0,0.2,0.2
DL Hall,MIL,,43,0,0.2,0.2
Jorge López,- - -,,53,0,0.2,0.2
Gabe Speier,SEA,,23.2,0,0.2,0.2
Gregory Santos,SEA,,7.1,0,0.2,0.2
Peter Lambert,COL,,61.1,0,0.2,0.2
Luis Urías,SEA,109,,0.2,,0.2
TJ Friedl,CIN,341,,0.2,,0.2
Jared Shuster,CHW,,73.1,0,0.2,0.2
Tyler Mahle,TEX,,12.2,0,0.2,0.2
Caleb Thielbar,MIN,,47.1,0,0.2,0.2
Romy Gonzalez,BOS,216,,0.2,,0.2
Kyle McCann,OAK,157,,0.2,,0.2
Kumar Rocker,TEX,,11.2,0,0.2,0.2
Seth Halvorsen,COL,,12.1,0,0.2,0.2
Sam Long,KCR,,42.2,0,0.2,0.2
Mason McCoy,SDP,57,,0.2,,0.2
Eduardo Salazar,- - -,,29.1,0,0.2,0.2
Slade Cecconi,ARI,,77,0,0.2,0.2
Garrett Cleavinger,TBR,,60,0,0.2,0.2
Tayler Scott,HOU,,68.2,0,0.2,0.2
Darren Baker,WSN,14,,0.2,,0.2
Jose Herrera,ARI,114,,0.2,,0.2
AJ Smith-Shawver,ATL,,4.1,0,0.2,0.2
Reese McGuire,BOS,158,,0.2,,0.2
Taylor Rogers,SFG,,60,0,0.2,0.2
Tyler Wells,BAL,,15.1,0,0.2,0.2
Edgardo Henriquez,LAD,,3.1,0,0.2,0.2
Jung Hoo Lee,SFG,158,,0.2,,0.2
Derek Hill,- - -,172,,0.2,,0.2
Anthony Veneziano,- - -,,13.1,0,0.2,0.2
Quinn Priester,- - -,,49.2,0,0.2,0.2
Danny Young,NYM,,37.2,0,0.2,0.2
Colin Holderman,PIT,,51.1,0,0.2,0.2
Dustin Harris,TEX,7,,0.2,,0.2
Hayden Wesneski,CHC,,67.2,0,0.2,0.2
Justin Wilson,CIN,,46.2,0,0.2,0.2
Brusdar Graterol,LAD,,7.1,0,0.2,0.2
Diego A. Castillo,MIN,8,,0.1,,0.1
Cavan Biggio,- - -,224,,0.1,,0.1
Jonathan Loáisiga,NYY,,4,0,0.1,0.1
Spencer Torkelson,DET,381,,0.1,,0.1
Dominic Smith,- - -,307,3,0.1,0,0.1
Kodai Senga,NYM,,5.1,0,0.1,0.1
Bryan Baker,BAL,,23.1,0,0.1,0.1
Matt Duffy,TEX,10,,0.1,,0.1
Jo Adell,LAA,451,,0.1,,0.1
Craig Kimbrel,BAL,,52.1,0,0.1,0.1
Keegan Thompson,CHC,,30.1,0,0.1,0.1
Matthew Batten,SDP,3,,0.1,,0.1
Tomás Nido,- - -,140,,0.1,,0.1
John Brebbia,- - -,,55.1,0,0.1,0.1
Connor Gillispie,CLE,,8,0,0.1,0.1
Kyle Hurt,LAD,,6.2,0,0.1,0.1
Cole Sulser,- - -,,16.1,0,0.1,0.1
Jackson Rutledge,WSN,,8.1,0,0.1,0.1
Rhys Hoskins,MIL,517,,0.1,,0.1
James McCann,BAL,233,1,0.2,-0.1,0.1
Jake Cousins,NYY,,38,0,0.1,0.1
Michael Kelly,OAK,,31.1,0,0.1,0.1
Matt Barnes,WSN,,13.1,0,0.1,0.1
Oliver Dunn,MIL,104,,0.1,,0.1
Nick Nelson,PHI,,5.1,0,0.1,0.1
David Dahl,PHI,62,,0.1,,0.1
Chris Roycroft,STL,,34.1,0,0.1,0.1
Joey Wentz,- - -,,67.1,0,0.1,0.1
Carlos Carrasco,CLE,,103.2,0,0.1,0.1
Ezequiel Duran,TEX,285,,0.1,,0.1
Joey Loperfido,- - -,262,,0.1,,0.1
Naoyuki Uwasawa,BOS,,4,0,0.1,0.1
Ehire Adrianza,LAA,28,,0.1,,0.1
Yilber Diaz,ARI,,28.1,0,0.1,0.1
John McMillon,MIA,,12,0,0.1,0.1
Tyler Heineman,- - -,16,1,0.1,0,0.1
Joshua Palacios,PIT,78,,0.1,,0.1
Sixto Sánchez,MIA,,35.2,0,0.1,0.1
Kyle Nicolas,PIT,,54.2,0,0.1,0.1
Elvis Peguero,MIL,,51.1,0,0.1,0.1
Fraser Ellard,CHW,,24,0,0.1,0.1
Ray Kerr,ATL,,22.1,0,0.1,0.1
Kyle Muller,OAK,,49.1,0,0.1,0.1
Yohan Ramírez,- - -,,45,0,0.1,0.1
Prelander Berroa,CHW,,19,0,0.1,0.1
Humberto Castellanos,ARI,,10.1,0,0.1,0.1
Brandon Crawford,STL,80,1.1,0.1,0,0.1
Jonatan Clase,- - -,66,,0.1,,0.1
Evan Carter,TEX,162,,0.1,,0.1
Andrew Walters,CLE,,8.2,0,0.1,0.1
Phil Maton,- - -,,64,0,0.1,0.1
James McArthur,KCR,,56.2,0,0.1,0.1
Jason Delay,PIT,19,,0.1,,0.1
Tristan Beck,SFG,,16,0,0.1,0.1
Hayden Birdsong,SFG,,72,0,0.1,0.1
Kevin Herget,MIL,,11.1,0,0.1,0.1
Cal Stevenson,PHI,27,,0.1,,0.1
Steven Cruz,KCR,,5.2,0,0.1,0.1
Luis Contreras,HOU,,6,0,0.1,0.1
Will Warren,NYY,,22.2,0,0.1,0.1
Camilo Doval,SFG,,59,0,0.1,0.1
Ethan Roberts,CHC,,26.2,0,0.1,0.1
Julian Merryweather,CHC,,15,0,0.1,0.1
Brock Stewart,MIN,,15.2,0,0.1,0.1
Mickey Moniak,LAA,418,,0.1,,0.1
Nate Pearson,- - -,,66.1,0,0.1,0.1
Hunter Feduccia,LAD,14,,0.1,,0.1
Clayton Beeter,NYY,,3.2,0,0.1,0.1
José Suarez,LAA,,52.1,0,0.1,0.1
Lenyn Sosa,CHW,369,,0.1,,0.1
Carson Spiers,CIN,,90.2,0,0.1,0.1
Greg Jones,COL,6,,0.1,,0.1
Chase Shugart,BOS,,8.2,0,0.1,0.1
Jace Jung,DET,94,,0.1,,0.1
Ronny Henriquez,MIN,,19.1,0,0.1,0.1
José Ureña,TEX,,109,0,0.1,0.1
José Ruiz,PHI,,51,0,0.1,0.1
Joel Kuhnel,- - -,,10,0,0.1,0.1
Justin Sterner,TBR,,4,0,0.1,0.1
Connor Norby,- - -,194,,0.1,,0.1
Vinny Nittoli,- - -,,12,0,0.1,0.1
Tommy Kahnle,NYY,,42.2,0,0.1,0.1
Scott Alexander,OAK,,38.2,0,0.1,0.1
Jimmy Herget,ATL,,12.1,0,0.1,0.1
Daniel Palencia,CHC,,14.2,0,0.1,0.1
Logan Driscoll,TBR,37,,0.1,,0.1
Trevor Richards,- - -,,65.1,0,0.1,0.1
Leo Rivas,SEA,86,2,0.1,0,0.1
Livan Soto,- - -,16,,0.1,,0.1
Michael Helman,MIN,10,,0.1,,0.1
Estevan Florial,CLE,111,,0.1,,0.1
Jake Woodford,- - -,,35,0,0.1,0.1
Jordyn Adams,LAA,38,,0.1,,0.1
Kolby Allard,PHI,,27,0,0.1,0.1
Ke'Bryan Hayes,PIT,396,,0.1,,0.1
Andrés Chaparro,WSN,132,,0.1,,0.1
Luke Little,CHC,,26,0,0.1,0.1
Alex Lange,DET,,18.2,0,0.1,0.1
Yosver Zulueta,CIN,,16.1,0,0.1,0.1
Brooks Baldwin,CHW,121,,0.1,,0.1
Justin Topa,MIN,,2.1,0,0.1,0.1
Grant Holman,OAK,,15.2,0,0.1,0.1
Brent Honeywell,- - -,,37.2,0,0.1,0.1
Jahmai Jones,NYY,47,,0.1,,0.1
Nabil Crismatt,LAD,,7,0,0.1,0.1
Oswald Peraza,NYY,11,,0.1,,0.1
José Marte,LAA,,19.1,0,0.1,0.1
Tommy Nance,TOR,,22,0,0.1,0.1
Dominic Canzone,SEA,188,,0.1,,0.1
Jacob Wilson,OAK,103,,0.1,,0.1
Scott Blewett,MIN,,20.1,0,0.1,0.1
Peter Strzelecki,CLE,,11.2,0,0.1,0.1
Richard Lovelady,- - -,,34.1,0,0.1,0.1
Steven Matz,STL,,44.1,0,0.1,0.1
José Quijada,LAA,,19.1,0,0.1,0.1
Charlie Blackmon,COL,499,,0.1,,0.1
Nick Vespi,BAL,,12.1,0,0,0
Brett de Geus,- - -,,11.1,0,0,0
Max Lazar,PHI,,13.2,0,0,0
Ricky Vanasco,- - -,,4,0,0,0
Charles Leblanc,LAA,28,,0,,0
Nick Ramirez,LAD,,13.1,0,0,0
Robbie Ray,SFG,,30.2,0,0,0
Kody Clemens,PHI,120,1,0.1,-0.1,0
Jake Bauers,MIL,346,4,0,0,0
Shaun Anderson,- - -,,16.1,0,0,0
Xzavion Curry,- - -,,42.2,0,0,0
Jordan Lyles,KCR,,5,0,0,0
Jackson Jobe,DET,,4,0,0,0
Samad Taylor,SEA,5,,0,,0
Josh Walker,NYM,,12.1,0,0,0
Eric Wagaman,LAA,74,,0,,0
David Buchanan,CIN,,3.1,0,0,0
Kyle Tyler,MIA,,31.2,0,0,0
Colin Selby,- - -,,7,0,0,0
Scott Barlow,CLE,,55,0,0,0
Tyler Duffey,KCR,,9,0,0,0
Cade Marlowe,SEA,9,,0,,0
Daniel Lynch IV,KCR,,43.1,0,0,0
Luis Guillorme,- - -,187,3,0.1,-0.1,0
Will Klein,- - -,,7.1,0,0,0
José Tena,- - -,168,,0,,0
Nick Pratto,KCR,,1,0,0,0
Austin Davis,SDP,,7,0,0,0
Kyle Manzardo,CLE,156,,0,,0
Chad Green,TOR,,53.1,0,0,0
Nick Avila,SFG,,11.2,0,0,0
Diego Castillo,MIN,,10,0,0,0
Dylan Dodd,ATL,,2,0,0,0
Caleb Boushley,MIN,,4,0,0,0
Aaron Schunk,COL,98,,0,,0
Gavin Hollowell,CHC,,1.1,0,0,0
Jacob Barnes,WSN,,66,0,0,0
Héctor Neris,- - -,,59.1,0,0,0
Forrest Whitley,HOU,,3.1,0,0,0
Edouard Julien,MIN,301,,0,,0
Marc Church,TEX,,1,0,0,0
Cristian Pache,- - -,183,,0,,0
Ian Gibaut,CIN,,2,0,0,0
Alek Manoah,TOR,,24.1,0,0,0
J.B. Bukauskas,MIL,,6,0,0,0
Adam Kloffenstein,STL,,1,0,0,0
Phil Bickford,NYY,,8.1,0,0,0
Chasen Shreve,COL,,1,0,0,0
Austin Voth,SEA,,61,0,0,0
Austin Adams,OAK,,41.1,0,0,0
Orlando Ribalta,WSN,,3.1,0,0,0
Isaac Mattson,PIT,,5.1,0,0,0
Josh Maciejewski,NYY,,7,0,0,0
Brandon Lockridge,SDP,12,,0,,0
Blake Dunn,CIN,29,,0,,0
Spencer Strider,ATL,,9,0,0,0
Adam Oller,MIA,,42.1,0,0,0
Walter Pennington,- - -,,18,0,0,0
Myles Straw,CLE,4,,0,,0
Trevor McDonald,SFG,,3,0,0,0
Gordon Graceffo,STL,,7.2,0,0,0
Eddy Alvarez,NYM,11,1,0,0,0
Evan Kravetz,CIN,,0.2,0,0,0
Luis F. Ortiz,PHI,,0.2,0,0,0
Casey Kelly,CIN,,5.1,0,0,0
Noah Davis,COL,,20.1,0,0,0
Tyler Jay,- - -,,7.2,0,0,0
Miguel Díaz,HOU,,1,0,0,0
Cole Winn,TEX,,17.1,0,0,0
Gerardo Reyes,OAK,,4,0,0,0
Dakota Hudson,COL,,89,0,0,0
Geoff Hartlieb,COL,,9,0,0,0
Joe Hudson,NYM,,,0,,0
Brandon Eisert,TOR,,6.2,0,0,0
Tucker Davidson,BAL,,4.2,0,0,0
Zac Kristofak,LAA,,2,0,0,0
Alex Young,- - -,,15.2,0,0,0
Amir Garrett,LAA,,5.1,0,0,0
Dylan Coleman,HOU,,1,0,0,0
Troy Taylor,SEA,,19.1,0,0,0
Sam Huff,TEX,4,,0,,0
Anthony Misiewicz,NYY,,1,0,0,0
Raymond Burgos,SFG,,1,0,0,0
Kirby Snead,SEA,,10.1,0,0,0
Carlos Narvaez,NYY,15,,0,,0
Evan Justice,COL,,0.1,0,0,0
Logan Allen,ARI,,28,0,0,0
Zach Logue,LAD,,2,0,0,0
Jacob Waguespack,TBR,,10,0,0,0
Keaton Winn,SFG,,55.1,0,0,0
Ryan Loutos,STL,,2.1,0,0,0
DaShawn Keirsey Jr.,MIN,14,,0,,0
Ryder Ryan,PIT,,20.2,0,0,0
René Pinto,TBR,49,,0,,0
Jorge Barrosa,ARI,18,,0,,0
Jake Eder,CHW,,2,0,0,0
Jeff Criswell,COL,,19.2,0,0,0
Kevin Smith,NYY,,,0,,0
James Meeker,MIL,,1,0,0,0
José Devers,MIA,4,,0,,0
Alan Busenitz,CIN,,4,0,0,0
Avisaíl García,MIA,51,,0,,0
Oscar Colás,CHW,38,,0,,0
Ryne Stanek,- - -,,55.1,0,0,0
Jhonny Pereda,MIA,40,0.1,0,0,0
Kyle Finnegan,WSN,,63.2,0,0,0
Logan Gillaspie,SDP,,11.1,0,0,0
Zach DeLoach,CHW,75,,0,,0
Jackson Holliday,BAL,208,,0,,0
David Bañuelos,BAL,1,,0,,0
Ben Gamel,- - -,99,,0,,0
Chris Roller,MIL,1,,0,,0
J.P. Martínez,ATL,10,,0,,0
Nick Robertson,- - -,,13.1,0,0,0
Eric Yang,CIN,1,,0,,0
Drew Waters,KCR,19,,0,,0
Carlos Rodriguez,MIL,,12.1,0,0,0
Bradley Blalock,- - -,,30.2,0,0,0
Tyler Gilbert,PHI,,8.1,0,0,0
Zach Penrod,BOS,,4,0,0,0
David Fletcher,ATL,9,,0,,0
Wes Parsons,- - -,,9,0,0,0
Seby Zavala,SEA,43,,0,,0
Josh Fleming,PIT,,31.1,0,0,0
Ildemaro Vargas,WSN,303,2,0,-0.1,0
Brent Headrick,MIN,,3,0,0,0
Abner Uribe,MIL,,14.1,0,0,0
Lake Bachar,MIA,,9.1,0,0,0
Emmanuel Ramirez,MIA,,20.2,0,0,0
Daniel Johnson,BAL,1,,0,,0
Janson Junk,- - -,,8,0,0,0
Jakson Reetz,SFG,15,,0,,0
Joey Lucchesi,NYM,,10.1,0,0,0
Jairo Iriarte,CHW,,6,0,0,0
Justin Bruihl,PIT,,5.2,0,0,0
Sammy Peralta,CHW,,15,0,0,0
Daniel Robert,TEX,,5.2,0,0,0
Randy Dobnak,MIN,,9.2,0,0,0
Eli Villalobos,MIA,,4.1,0,0,0
Adam Cimber,LAA,,24.1,0,0,0
Willie Calhoun,LAA,254,,0,,0
Ryan Borucki,PIT,,11,0,0,0
Santiago Espinal,CIN,391,,0,,0
Daniel Duarte,MIN,,4,0,0,0
Josiah Gray,WSN,,8.1,0,0,0
Billy McKinney,PIT,28,,0,,0
Thomas Saggese,STL,52,,0,,0
Jackson Stephens,ATL,,3.1,0,0,0
Joe Kelly,LAD,,32,0,0,0
Angel Martínez,CLE,169,,0,,0
Alex Speas,HOU,,2,0,0,0
Josh Rogers,COL,,11,0,0,0
Dillon Dingler,DET,87,,0,,0
Tejay Antone,CIN,,2,0,0,0
Kenta Maeda,DET,,112.1,0,0,0
Austin Warren,SFG,,10.2,0,-0.1,-0.1
Jack O'Loughlin,OAK,,9.2,0,-0.1,-0.1
Jhonathan Díaz,SEA,,9.2,0,-0.1,-0.1
Nick Yorke,PIT,42,,-0.1,,-0.1
A.J. Minter,ATL,,34.1,0,-0.1,-0.1
Ryan Yarbrough,- - -,,98.2,0,-0.1,-0.1
Amos Willingham,WSN,,1,0,-0.1,-0.1
Jacob Hurtubise,CIN,68,,-0.1,,-0.1
Yuli Gurriel,KCR,65,,-0.1,,-0.1
Cody Bolton,SEA,,18.2,0,-0.1,-0.1
Joe Jacques,- - -,,3,0,-0.1,-0.1
José Azocar,SDP,79,,-0.1,,-0.1
Tyler Phillips,PHI,,36.2,0,-0.1,-0.1
Casey Legumina,CIN,,9.1,0,-0.1,-0.1
Chayce McDermott,BAL,,4,0,-0.1,-0.1
Matt Krook,BAL,,1,0,-0.1,-0.1
Tyler Zuber,TBR,,3.1,0,-0.1,-0.1
Dane Dunning,TEX,,95,0,-0.1,-0.1
Brady Feigl,PIT,,1.2,0,-0.1,-0.1
Joan Adon,WSN,,10.2,0,-0.1,-0.1
Vladimir Gutierrez,MIA,,4,0,-0.1,-0.1
Austin Kitchen,MIA,,7,0,-0.1,-0.1
Alex Wood,OAK,,39.1,0,-0.1,-0.1
J.P. France,HOU,,25.1,0,-0.1,-0.1
Jon Singleton,HOU,405,,-0.1,,-0.1
Dallas Keuchel,MIL,,16.2,0,-0.1,-0.1
Conner Capel,CIN,8,,-0.1,,-0.1
Caleb Kilian,CHC,,10.2,0,-0.1,-0.1
Jack Neely,CHC,,6,0,-0.1,-0.1
Orelvis Martinez,TOR,3,,-0.1,,-0.1
Andrew Wantz,LAA,,1.1,0,-0.1,-0.1
Keider Montero,DET,,98.1,0,-0.1,-0.1
Ben Heller,PIT,,12,0,-0.1,-0.1
Bryce Johnson,SDP,73,,-0.1,,-0.1
Spencer Howard,- - -,,29,0,-0.1,-0.1
David Villar,SFG,37,,-0.1,,-0.1
Tyler Black,MIL,57,,-0.1,,-0.1
Vinny Capra,MIL,9,,-0.1,,-0.1
Germán Márquez,COL,,4,0,-0.1,-0.1
Owen White,TEX,,3,0,-0.1,-0.1
Tommy Pham,- - -,478,,-0.1,,-0.1
JoJo Romero,STL,,59,0,-0.1,-0.1
Mason Englert,DET,,21.2,0,-0.1,-0.1
Anthony Rendon,LAA,238,,-0.1,,-0.1
Drew Thorpe,CHW,,44.1,0,-0.1,-0.1
Ryan McKenna,- - -,15,,-0.1,,-0.1
Scott Effross,NYY,,3.1,0,-0.1,-0.1
Matt Foster,CHW,,6.2,0,-0.1,-0.1
Gustavo Campero,LAA,48,,-0.1,,-0.1
Luis Vazquez,CHC,14,,-0.1,,-0.1
Matt Andriese,MIA,,6,0,-0.1,-0.1
Edwin Ríos,CIN,10,,-0.1,,-0.1
Miguel Sanó,LAA,95,0.1,-0.1,0,-0.1
Julio Teheran,NYM,,2.2,0,-0.1,-0.1
Sam Aldegheri,LAA,,13,0,-0.1,-0.1
Valente Bellozo,MIA,,68.2,0,-0.1,-0.1
Blaze Alexander,ARI,185,,-0.1,,-0.1
Lyon Richardson,CIN,,0.2,0,-0.1,-0.1
Ron Marinaccio,NYY,,23.1,0,-0.1,-0.1
Dan Altavilla,KCR,,3.2,0,-0.1,-0.1
Grant Hartwig,NYM,,6.2,0,-0.1,-0.1
Chase Silseth,LAA,,8,0,-0.1,-0.1
Hunter Renfroe,KCR,424,,-0.1,,-0.1
Ryan Miller,LAA,,13,0,-0.1,-0.1
Dinelson Lamet,LAD,,4.1,0,-0.1,-0.1
Kyle Nelson,ARI,,10.2,0,-0.1,-0.1
Jerar Encarnacion,SFG,119,,-0.1,,-0.1
Yoendrys Gómez,NYY,,11.1,0,-0.1,-0.1
Easton Lucas,- - -,,11.2,0,-0.1,-0.1
Alex Jackson,TBR,155,,-0.1,,-0.1
Aramis Garcia,PHI,7,,-0.1,,-0.1
Brian Anderson,ATL,5,,-0.1,,-0.1
Parker Mushinski,HOU,,11,0,-0.1,-0.1
Kody Funderburk,MIN,,34.2,0,-0.1,-0.1
Wade Miley,MIL,,7,0,-0.1,-0.1
Rich Hill,BOS,,3.2,0,-0.1,-0.1
Nick Burdi,NYY,,9.2,0,-0.1,-0.1
Joely Rodríguez,BOS,,13.2,0,-0.1,-0.1
Deivi García,CHW,,14,0,-0.1,-0.1
Trey Wingenter,- - -,,8.1,0,-0.1,-0.1
Nick Maton,BAL,5,,-0.1,,-0.1
Aaron Brooks,OAK,,26.2,0,-0.1,-0.1
Tyler Kinley,COL,,64,0,-0.1,-0.1
Sandro Fabian,TEX,5,,-0.1,,-0.1
Andrew Saalfrank,ARI,,1,0,-0.1,-0.1
Tyler Gentry,KCR,5,,-0.1,,-0.1
Brett Sullivan,SDP,17,,-0.1,,-0.1
Mike Clevinger,CHW,,16,0,-0.1,-0.1
Luke Jackson,- - -,,53,0,-0.1,-0.1
Jair Camargo,MIN,7,,-0.1,,-0.1
Anthony Gose,CLE,,4.1,0,-0.1,-0.1
Zach Brzykcy,WSN,,5.2,0,-0.1,-0.1
Blair Henley,HOU,,0.1,0,-0.1,-0.1
Kevin Alcántara,CHC,10,,-0.1,,-0.1
Luken Baker,STL,49,,-0.1,,-0.1
Grant Koch,PIT,8,,-0.1,,-0.1
Taylor Trammell,- - -,8,,-0.1,,-0.1
Antonio Senzatela,COL,,12.1,0,-0.1,-0.1
Jordan Wicks,CHC,,46,0,-0.1,-0.1
Jonah Heim,TEX,491,,-0.1,,-0.1
Ky Bush,CHW,,17.2,0,-0.1,-0.1
Clayton Andrews,NYY,,0.1,0,-0.1,-0.1
Tony Kemp,BAL,10,,-0.1,,-0.1
Luis Frías,- - -,,9.2,0,-0.1,-0.1
Seranthony Domínguez,- - -,,58.2,0,-0.1,-0.1
Gerson Garabito,TEX,,26.1,0,-0.1,-0.1
Rob Brantly,TBR,9,,-0.1,,-0.1
Victor Mederos,LAA,,5.1,0,-0.1,-0.1
Parker Dunshee,ATL,,2.1,0,-0.1,-0.1
Mike Burrows,PIT,,3.1,0,-0.1,-0.1
Andrew Knapp,SFG,6,,-0.1,,-0.1
Luis De Los Santos,TOR,31,,-0.1,,-0.1
Duke Ellis,- - -,5,,-0.1,,-0.1
Ricardo Pinto,PHI,,10.2,0,-0.1,-0.1
Eric Orze,NYM,,1.2,0,-0.1,-0.1
Lucas Gilbreath,COL,,1,0,-0.1,-0.1
Nick Hernandez,HOU,,8,0,-0.1,-0.1
Joe La Sorsa,WSN,,17.2,0,-0.1,-0.1
Danny Mendick,CHW,141,1,-0.1,0,-0.1
Jared Walsh,TEX,60,,-0.1,,-0.1
Bubba Thompson,CIN,18,,-0.1,,-0.1
Josh Bell,- - -,603,,-0.1,,-0.1
Jacob Lopez,TBR,,10.1,0,-0.1,-0.1
Seth Johnson,PHI,,2.1,0,-0.1,-0.1
Austin Slater,- - -,212,,-0.1,,-0.1
Liover Peguero,PIT,10,,-0.1,,-0.1
Bryan Shaw,CHW,,4,0,-0.1,-0.1
Adrian Houser,NYM,,69.1,0,-0.1,-0.1
Touki Toussaint,CHW,,23,0,-0.1,-0.1
Brandon Leibrandt,CIN,,6.1,0,-0.1,-0.1
Trey Cabbage,HOU,91,,-0.1,,-0.1
Tim Mayza,- - -,,42.2,0,-0.1,-0.1
Jaden Hill,COL,,10.2,0,-0.1,-0.1
Andrew Vaughn,CHW,619,,-0.1,,-0.1
Jonathan Ornelas,TEX,40,,-0.2,,-0.2
Jasson Domínguez,NYY,67,,-0.2,,-0.2
Matt Thaiss,LAA,186,,-0.2,,-0.2
Cooper Hummel,HOU,8,,-0.2,,-0.2
Brian Serven,TOR,71,,-0.2,,-0.2
Darius Vines,ATL,,13.2,0,-0.2,-0.2
Jamie Westbrook,BOS,48,,-0.2,,-0.2
Taylor Walls,TBR,252,,-0.2,,-0.2
Trenton Brooks,SFG,29,,-0.2,,-0.2
Joey Gallo,WSN,260,,-0.2,,-0.2
Brewer Hicklen,MIL,5,,-0.2,,-0.2
Walker Buehler,LAD,,75.1,0,-0.2,-0.2
Brandon Williamson,CIN,,14.1,0,-0.2,-0.2
Rafael Ortega,CHW,17,,-0.2,,-0.2
Alek Thomas,ARI,103,,-0.2,,-0.2
David Bednar,PIT,,57.2,0,-0.2,-0.2
Matt Carasiti,COL,,8.2,0,-0.2,-0.2
Tyler Beede,CLE,,14,0,-0.2,-0.2
Seth Martinez,HOU,,52.2,0,-0.2,-0.2
Jason Vosler,SEA,30,,-0.2,,-0.2
Miguel Castro,ARI,,13.2,0,-0.2,-0.2
Chas McCormick,HOU,267,,-0.2,,-0.2
Kai-Wei Teng,SFG,,11,0,-0.2,-0.2
Yonny Chirinos,MIA,,30,0,-0.2,-0.2
Luke Williams,ATL,52,4,-0.2,0,-0.2
Javier Sanoja,MIA,36,,-0.2,,-0.2
Isaac Collins,MIL,19,,-0.2,,-0.2
Riley O'Brien,STL,,8,0,-0.2,-0.2
DJ Stewart,NYM,194,,-0.2,,-0.2
Jonathan Bermúdez,MIA,,6.2,0,-0.2,-0.2
John Curtiss,COL,,2.1,0,-0.2,-0.2
Tyler Locklear,SEA,49,,-0.2,,-0.2
Jose E. Hernandez,PIT,,5.1,0,-0.2,-0.2
Matt Sauer,KCR,,16.1,0,-0.2,-0.2
Zebby Matthews,MIN,,37.2,0,-0.2,-0.2
Kenny Rosenberg,LAA,,24,0,-0.2,-0.2
Tyler Matzek,ATL,,10,0,-0.2,-0.2
Levi Jordan,CIN,11,,-0.2,,-0.2
Chris Stratton,KCR,,58.1,0,-0.2,-0.2
Forrest Wall,- - -,35,,-0.2,,-0.2
Blake Walston,ARI,,18.1,0,-0.2,-0.2
Tristan Gray,- - -,31,,-0.2,,-0.2
Tom Cosgrove,SDP,,14.2,0,-0.2,-0.2
Michael Petersen,- - -,,19.2,0,-0.2,-0.2
Manuel Margot,MIN,343,,-0.2,,-0.2
JT Chargois,- - -,,36.1,0,-0.2,-0.2
Elieser Hernández,- - -,,15.2,0,-0.2,-0.2
Domingo Germán,PIT,,20.2,0,-0.2,-0.2
Tanner Rainey,WSN,,51,0,-0.2,-0.2
Donovan Walton,SFG,25,1,-0.2,0,-0.2
J.P. Feyereisen,LAD,,11,0,-0.2,-0.2
Riley Pint,COL,,3.1,0,-0.2,-0.2
Jesse Chavez,ATL,,63.1,0,-0.2,-0.2
Shelby Miller,DET,,55.2,0,-0.2,-0.2
Niko Kavadas,LAA,106,,-0.2,,-0.2
Sam Haggerty,SEA,16,,-0.2,,-0.2
Matt Carpenter,STL,157,,-0.2,,-0.2
Patrick Wisdom,CHC,174,0.1,-0.2,0,-0.2
Johnny Cueto,LAA,,11.1,0,-0.2,-0.2
Nick Anderson,KCR,,35.2,0,-0.2,-0.2
Kaleb Ort,HOU,,24.2,0,-0.2,-0.2
Zach Dezenzo,HOU,65,,-0.2,,-0.2
Grant McCray,SFG,130,,-0.2,,-0.2
Ali Sánchez,MIA,96,,-0.2,,-0.2
Bryse Wilson,MIL,,104.2,0,-0.2,-0.2
Sean Newcomb,OAK,,10,0,-0.2,-0.2
Nick Loftin,KCR,171,1,-0.2,0,-0.2
Jack Leiter,TEX,,35.2,0,-0.2,-0.2
Gabriel Arias,CLE,161,,-0.2,,-0.2
Kameron Misner,TBR,15,,-0.2,,-0.2
David Hensley,MIA,58,2,-0.2,0,-0.2
Seth Brown,OAK,400,,-0.2,,-0.2
Joey Wendle,NYM,37,,-0.2,,-0.2
Cristian Mena,ARI,,3,0,-0.2,-0.2
Adolis García,TEX,637,,-0.2,,-0.2
Daulton Jefferies,- - -,,14.2,0,-0.2,-0.2
José Cisnero,LAA,,15.2,0,-0.2,-0.2
Tanner Gordon,COL,,34.1,0,-0.2,-0.2
Johnathan Rodriguez,CLE,40,,-0.2,,-0.2
Yunior Marte,PHI,,26,0,-0.2,-0.2
Steven Okert,MIN,,35.1,0,-0.2,-0.2
Austin Martin,MIN,257,,-0.2,,-0.2
Anthony Rizzo,NYY,375,,-0.2,,-0.2
Matt Koch,COL,,0.1,0,-0.2,-0.2
Zack Kelly,BOS,,56.2,0,-0.3,-0.3
Riley Adams,WSN,130,,-0.3,,-0.3
Matt Bowman,- - -,,30.2,0,-0.3,-0.3
Armando Alvarez,OAK,39,,-0.3,,-0.3
Jonathan Heasley,BAL,,5.1,0,-0.3,-0.3
Keibert Ruiz,WSN,485,,-0.3,,-0.3
Esteury Ruiz,OAK,65,,-0.3,,-0.3
Jacob Latz,TEX,,43.2,0,-0.3,-0.3
Jack López,LAA,71,,-0.3,,-0.3
Brett Harris,OAK,123,,-0.3,,-0.3
Angel Chivilli,COL,,31.2,0,-0.3,-0.3
Andruw Monasterio,MIL,142,,-0.3,,-0.3
Mason Black,SFG,,36.1,0,-0.3,-0.3
Brooks Lee,MIN,185,,-0.3,,-0.3
Bryce Teodosio,LAA,12,,-0.3,,-0.3
Jake Bloss,HOU,,11.2,0,-0.3,-0.3
Davis Wendzel,TEX,49,,-0.3,,-0.3
Jay Jackson,MIN,,26.1,0,-0.3,-0.3
Zach Plesac,LAA,,12,0,-0.3,-0.3
Akil Baddoo,DET,82,,-0.3,,-0.3
Jake Cave,COL,346,,-0.3,,-0.3
James Outman,LAD,156,,-0.3,,-0.3
Paolo Espino,TOR,,8.2,0,-0.3,-0.3
Drew Smyly,CHC,,58.2,0,-0.3,-0.3
Zack Thompson,STL,,17,0,-0.3,-0.3
Adam Mazur,SDP,,33.2,0,-0.3,-0.3
Allan Winans,ATL,,7.2,0,-0.3,-0.3
Curtis Mead,TBR,132,,-0.3,,-0.3
Lucas Sims,- - -,,49.1,0,-0.3,-0.3
Jonathan Bowlan,KCR,,2.2,0,-0.3,-0.3
Julian Aguiar,CIN,,31.2,0,-0.3,-0.3
Travis Jankowski,TEX,207,,-0.3,,-0.3
Mickey Gasper,BOS,23,,-0.3,,-0.3
Spencer Bivens,SFG,,48.2,0,-0.3,-0.3
CJ Alexander,KCR,8,,-0.3,,-0.3
Addison Barger,TOR,225,,-0.3,,-0.3
Alex Kirilloff,MIN,178,,-0.3,,-0.3
Graham Pauley,SDP,32,,-0.3,,-0.3
Owen Miller,MIL,27,2,-0.2,-0.1,-0.3
Alika Williams,PIT,96,,-0.3,,-0.3
Jordan Romano,TOR,,13.2,0,-0.3,-0.3
Max Meyer,MIA,,57,0,-0.3,-0.3
Joey Wiemer,- - -,28,,-0.3,,-0.3
Tyler Wade,SDP,156,,-0.3,,-0.3
Colin Poche,TBR,,37.1,0,-0.3,-0.3
Daniel Vogelbach,TOR,79,,-0.3,,-0.3
Jacob Amaya,- - -,72,,-0.3,,-0.3
MJ Melendez,KCR,451,,-0.3,,-0.3
Andrew Benintendi,CHW,522,,-0.3,,-0.3
Brandon Bielak,- - -,,29.2,0,-0.3,-0.3
Shay Whitcomb,HOU,46,,-0.3,,-0.3
Ryan Vilade,DET,49,,-0.3,,-0.3
Brendon Little,TOR,,45.2,0,-0.3,-0.3
Cole Tucker,LAA,57,1,-0.3,0,-0.4
Austin Pruitt,TEX,,4.1,0,-0.4,-0.4
Jeimer Candelario,CIN,463,,-0.4,,-0.4
Justin Wrobleski,LAD,,36.1,0,-0.4,-0.4
Ben Rice,NYY,178,,-0.4,,-0.4
Jake Bird,COL,,40,0,-0.4,-0.4
Mitch White,- - -,,23.2,0,-0.4,-0.4
Michael Stefanic,LAA,124,1,-0.4,0,-0.4
Emerson Hancock,SEA,,60.2,0,-0.4,-0.4
Grae Kessinger,HOU,25,1,-0.4,0,-0.4
Garrett Cooper,- - -,116,,-0.4,,-0.4
Louie Varland,MIN,,49.2,0,-0.4,-0.4
Korey Lee,CHW,394,,-0.4,,-0.4
Will Smith,KCR,,41.1,0,-0.4,-0.4
Brad Keller,- - -,,41.1,0,-0.4,-0.4
Jonathan Hernández,- - -,,43.1,0,-0.4,-0.4
Drew Romo,COL,53,,-0.4,,-0.4
Miles Mastrobuoni,CHC,106,,-0.4,,-0.4
Jose Cuas,- - -,,16.1,0,-0.4,-0.4
Isaiah Campbell,BOS,,6.2,0,-0.4,-0.4
Bryan Sammons,DET,,27.1,0,-0.4,-0.4
Mitch Garver,SEA,430,,-0.4,,-0.4
Thyago Vieira,- - -,,38,0,-0.4,-0.4
Adael Amador,COL,36,,-0.4,,-0.4
Mike Baumann,- - -,,58.1,0,-0.4,-0.4
Matt Mervis,CHC,28,0.2,-0.4,0,-0.4
Jordan Leasure,CHW,,31.1,0,-0.4,-0.4
Curt Casali,SFG,125,,-0.4,,-0.4
Hurston Waldrep,ATL,,7,0,-0.4,-0.4
Daz Cameron,OAK,186,,-0.4,,-0.4
J.D. Davis,- - -,157,,-0.4,,-0.4
Dominic Leone,CHW,,19,0,-0.4,-0.4
Victor González,NYY,,23.1,0,-0.4,-0.4
Ty Adcock,NYM,,4.1,0,-0.4,-0.4
Kent Emanuel,MIA,,17.2,0,-0.4,-0.4
Roansy Contreras,- - -,,68.1,0,-0.4,-0.4
Zack Short,- - -,88,,-0.4,,-0.4
Jace Peterson,ARI,26,,-0.4,,-0.4
Bryan Ramos,CHW,108,,-0.4,,-0.4
Tyler Nevin,OAK,278,,-0.4,,-0.4
Darren McCaughan,- - -,,42,0,-0.4,-0.4
Caden Dana,LAA,,10.1,0,-0.5,-0.5
Wandy Peralta,SDP,,38.1,0,-0.5,-0.5
Luis Campusano,SDP,299,,-0.5,,-0.5
Pedro León,HOU,21,,-0.5,,-0.5
Giovanny Gallegos,STL,,20.2,0,-0.5,-0.5
Alex Faedo,DET,,57.1,0,-0.5,-0.5
Victor Scott II,STL,155,,-0.5,,-0.5
Tommy Henry,ARI,,38.1,0,-0.5,-0.5
Darell Hernaiz,OAK,135,,-0.5,,-0.5
Nacho Alvarez Jr.,ATL,32,,-0.5,,-0.5
Justyn-Henry Malloy,DET,230,,-0.5,,-0.5
Bailey Horn,BOS,,18,0,-0.5,-0.5
Travis Blankenhorn,WSN,32,,-0.5,,-0.5
Jordan Weems,WSN,,41.2,0,-0.5,-0.5
Nelson Velázquez,KCR,230,,-0.5,,-0.5
Guillo Zuñiga,LAA,,17.2,0,-0.5,-0.5
Kyren Paris,LAA,59,,-0.5,,-0.5
Tom Murphy,SFG,38,,-0.5,,-0.5
Vidal Bruján,MIA,278,1.2,-0.3,-0.2,-0.5
Chase Anderson,- - -,,58.1,0,-0.5,-0.5
DJ LeMahieu,NYY,228,,-0.5,,-0.5
Génesis Cabrera,TOR,,62.2,0,-0.5,-0.5
Nick Martini,CIN,163,,-0.5,,-0.5
Tucker Barnhart,ARI,96,1,-0.4,-0.1,-0.5
Rowdy Tellez,PIT,421,2.2,-0.5,0,-0.5
Nick Nastrini,CHW,,35.2,0,-0.5,-0.5
Keston Hiura,LAA,27,,-0.5,,-0.5
Ryan Kreidler,DET,65,,-0.5,,-0.5
Nick Senzel,- - -,267,,-0.5,,-0.5
Aledmys Díaz,- - -,34,,-0.5,,-0.5
Erasmo Ramírez,TBR,,20.2,0,-0.5,-0.5
Chuckie Robinson,CHW,76,,-0.5,,-0.5
Chris Taylor,LAD,246,,-0.5,,-0.5
Brandon Hughes,ARI,,17.2,0,-0.5,-0.5
George Soriano,MIA,,29.1,0,-0.6,-0.6
Coby Mayo,BAL,46,,-0.6,,-0.6
Mitch Haniger,SEA,423,,-0.6,,-0.6
Robbie Grossman,- - -,245,,-0.6,,-0.6
Tyler Alexander,TBR,,107.2,0,-0.6,-0.6
Connor Brogdon,- - -,,3,0,-0.6,-0.6
Ryan Noda,OAK,111,,-0.6,,-0.6
Nick Allen,OAK,105,,-0.6,,-0.6
Adam Frazier,KCR,294,,-0.6,,-0.6
Harold Ramírez,- - -,246,,-0.6,,-0.6
Aaron Hicks,LAA,63,1,-0.5,-0.1,-0.6
Bryce Jarvis,ARI,,59.1,0,-0.6,-0.6
Corey Julks,CHW,189,,-0.6,,-0.6
Sean Bouchard,COL,108,,-0.6,,-0.6
Jordan Walker,STL,178,,-0.6,,-0.6
Kyle Stowers,- - -,209,,-0.6,,-0.6
Ty Blach,COL,,71.1,0,-0.6,-0.6
Andrew Knizner,TEX,93,3,-0.6,0,-0.6
Mike Ford,CIN,62,,-0.6,,-0.6
Will Benson,CIN,388,,-0.6,,-0.6
Enmanuel Valdez,BOS,223,,-0.6,,-0.6
Scott McGough,ARI,1,32.2,0,-0.7,-0.7
Erik Swanson,TOR,,39.1,0,-0.7,-0.7
Wilmer Flores,SFG,242,,-0.7,,-0.7
Chris Devenski,TBR,,26.2,0,-0.7,-0.7
Alan Trejo,COL,67,,-0.7,,-0.7
Ji Hwan Bae,PIT,81,,-0.7,,-0.7
Christian Encarnacion-Strand,CIN,123,,-0.7,,-0.7
Vaughn Grissom,BOS,114,,-0.7,,-0.7
Zach Pop,TOR,,48.1,0,-0.7,-0.7
Javier Báez,DET,289,,-0.7,,-0.7
Nick Madrigal,CHC,94,,-0.7,,-0.7
Dany Jiménez,OAK,,25.2,0,-0.7,-0.7
Marco Luciano,SFG,81,,-0.7,,-0.7
Bobby Dalbec,BOS,93,,-0.7,,-0.7
Nick Sandlin,CLE,,57.2,0,-0.7,-0.7
Henry Davis,PIT,122,,-0.7,,-0.7
Yerry Rodríguez,- - -,,21.2,0,-0.7,-0.7
Braden Shewmake,CHW,67,,-0.7,,-0.7
Logan Allen,CLE,,97.1,0,-0.7,-0.7
José Fermín,STL,79,,-0.7,,-0.7
Pablo Reyes,- - -,64,1,-0.7,0,-0.7
Steven Wilson,CHW,,34.2,0,-0.7,-0.7
Luke Maile,CIN,154,3.2,-0.7,0,-0.7
Michael Mercado,PHI,,13,0,-0.7,-0.7
Matt Moore,LAA,,48.1,0,-0.7,-0.7
Kris Bryant,COL,155,,-0.8,,-0.8
Luis Matos,SFG,156,,-0.8,,-0.8
Trey Lipscomb,WSN,211,,-0.8,,-0.8
Niko Goodrum,- - -,33,,-0.8,,-0.8
Dominic Fletcher,CHW,241,,-0.8,,-0.8
Jake Diekman,NYM,,32,0,-0.8,-0.8
Justin Foscue,TEX,44,,-0.8,,-0.8
Nick Gordon,MIA,275,,-0.8,,-0.8
Adbert Alzolay,CHC,,17.1,0,-0.8,-0.8
Nolan Jones,COL,297,,-0.8,,-0.8
Justin Lawrence,COL,,59.2,0,-0.8,-0.8
Gavin Sheets,CHW,501,,-0.9,,-0.9
Ty France,- - -,535,,-0.9,,-0.9
Bobby Miller,LAD,,56,0,-0.9,-0.9
Rafael Montero,HOU,,38.1,0,-0.9,-0.9
Eloy Jiménez,- - -,349,,-0.9,,-0.9
Edward Olivares,PIT,196,,-0.9,,-0.9
Grant Anderson,TEX,,26.2,0,-0.9,-0.9
Enyel De Los Santos,- - -,,64,0,-1,-1
Christopher Morel,- - -,611,,-1,,-1
Joey Meneses,WSN,313,,-1,,-1
Triston McKenzie,CLE,,75.2,0,-1,-1
Miguel Vargas,- - -,237,,-1,,-1
Omar Narváez,NYM,69,,-1,,-1
Jordan Beck,COL,184,,-1,,-1
Dylan Carlson,- - -,265,,-1,,-1
Adam Duvall,ATL,330,,-1,,-1
Jack Suwinski,PIT,277,,-1.1,,-1.1
Taijuan Walker,PHI,,83.2,0,-1.1,-1.1
Yan Gomes,CHC,96,,-1.2,,-1.2
Hunter Goodman,COL,224,,-1.2,,-1.2
Bryan De La Cruz,- - -,622,,-1.2,,-1.2
Tim Anderson,MIA,241,,-1.4,,-1.4
Noelvi Marte,CIN,242,,-1.5,,-1.5
Martín Maldonado,CHW,147,,-1.5,,-1.5
José Abreu,HOU,120,,-1.5,,-1.5
Roddery Muñoz,MIA,,82.2,0,-1.6,-1.6
Elehuris Montero,COL,247,,-1.9,,-1.9
Eddie Rosario,- - -,319,,-2,,-2
Brandon Drury,LAA,360,,-2.1,,-2.1
Wander Suero,HOU,,0,0,0,0
Carl Edwards Jr.,SDP,,0,0,0,0